{"cameraMode":{"drawMode":0,"name":"Shaded","section":"Shading Mode"},"sceneLighting":true,"audioPlay":false,"sceneViewState":{"showFog":true,"showMaterialUpdate":false,"showSkybox":true,"showFlares":true,"showImageEffects":true,"showParticleSystems":true},"in2DMode":false,"pivot":{"x":-6.654790878295898,"y":-1.0450103282928467,"z":-128.94705200195313},"rotation":{"x":-0.15444660186767579,"y":0.7193270325660706,"z":-0.1694197654724121,"w":-0.6557537913322449},"size":10.33350658416748,"orthographic":false}