{"cameraMode":{"drawMode":0,"name":"Shaded","section":"Shading Mode"},"sceneLighting":true,"audioPlay":false,"sceneViewState":{"showFog":true,"showMaterialUpdate":false,"showSkybox":true,"showFlares":true,"showImageEffects":true,"showParticleSystems":true},"in2DMode":false,"pivot":{"x":2.004835605621338,"y":1.2954425811767579,"z":-0.030361652374267579},"rotation":{"x":-0.011307034641504288,"y":0.9877469539642334,"z":-0.08615146577358246,"w":-0.1296377182006836},"size":4.9947052001953129,"orthographic":false}